,User,Date Created,Number of Likes,Source of Tweet,Tweet
0,KFCRADIOuncut,2023-01-18 14:43:55+00:00,25,Twitter for iPhone,"The #GOATDebate is settled. The @PardonMyTake crew has _____ as their goat, and they had that take first. 

@BarstoolBigCat @PFTCommenter @StooliesClub @hen_ease @Billyhottakes @Philly_Mays @PMTsportsbiz @ryenarussillo https://t.co/JMH0sL48HV"
1,iconbagz,2023-01-17 02:02:49+00:00,0,Twitter for Android,"@metaphormessiah, @nu_jerz,Twork @CharlieClips_TV, or @DNA_GTFOH aren't battlerap cheat codes, Dizaster was/is.
That man was unstoppable, unbeatable and unequalled at his prime.

#battleraphighlights #smackUrl #rapbattles #Battlerap #bars  #WOTS #BattlerapGoat #GoatDebate"
2,southpaugh85,2023-01-16 23:46:37+00:00,1,Twitter for Android,"Exactly! 

â€œI think Michael Jordan is the greatest of all time, but LeBronâ€™s had the greatest careerâ€ - Doc Rivers fuels the NBA GOAT debate"" 
To read it on the web, tap here: https://t.co/a2gi5Jw1Vh

#MichaelJordan #LeBronJames #goatdebate"
3,VanishonTokyo,2023-01-13 06:05:24+00:00,0,Twitter for Android,What is up with y'all saying MJ is better y'all need to grow up it's LeBron this is sad that y'all still can't accept LeBron is better https://t.co/O7mndCLCiB #Lebron #KINGJAMES #LebronJames #MJ #MichaelJordan #GOATğ“ƒµ #basketball #goatdebate https://t.co/XOyGLD22cn
4,kinger__john,2023-01-09 23:26:26+00:00,0,Twitter for Android,"@FTFonFS1 how does @getnickwright not come back at @kevinwildes saying he's not ok with lebron missing games with ""oh but you're ok with Jordan missing 2+ years"". Was a layup comeback and nick missed it #goatdebate"
5,bettitude,2023-01-09 20:03:31+00:00,1,Buffer,"On January 19, in a friendly match against a Saudi all-star XI, Cristiano Ronaldo will make his professional debut against Lionel Messi's PSG. After some time, they cross paths once more.
The last time Messi and Ronaldo faced off?
.
.
#ronaldo #messi #goatdebate #GOATğ“ƒµ https://t.co/bYmKGta4az"
6,oliyad4real,2023-01-07 08:27:02+00:00,1,Twitter for Android,"Ai is the Future!
#GOAT #LM10 #Messi #GOATdebate #GoAI
#ai #artificialintelligence #nlp https://t.co/pp4aWKyov0"
7,fgoa420,2023-01-04 23:13:10+00:00,0,Twitter for iPhone,Tage Thompson &gt; Ronaldo #goatdebate #soccertalk #hockeytalk
8,azza_williams94,2023-01-01 10:40:13+00:00,0,Twitter for Android,"@ESPNFC I still say CR7 because football is young man's game. With age comes reduction in output.
#waitandsee #goatdebate"
9,Insallah__,2022-12-31 20:50:43+00:00,1,Twitter Web App,"Who do you think comes out on top in this intense GOAT debate between Shaq and Ryan? 

ğŸ€ Lebron or MJ? #lebronvsMJ #GOATdebate"
10,samjohnsonpdx,2022-12-31 19:33:37+00:00,1,Twitter for iPhone,"Grew up in the 90â€™s &amp; 00â€™s watching MJ, KOBE, LBJ extensively throughout.  

Basketball was my first love and always has been a passion of mine. In my opinion:

MJ - Greatest Of All Time
KOBE - Hardest Worker Of All Time 
LBJ - Most Physically Gifted Of All Time

#goatdebate"
11,TheHenryKane,2022-12-31 11:20:54+00:00,0,Twitter for iPad,"Just a reminder to people that had Pele been eligible for the Ballon Dâ€™or, itâ€™s estimated that heâ€™d have won 7. My second reminder to people is that if Messi winning the World Cup officially makes him the GOAT, what do Peleâ€™s 3 World Cups make him? #Pele #GOATDebate"
12,etongo10,2022-12-30 21:51:10+00:00,0,Twitter for iPhone,Ronaldo is about that money. Messi is the Goat. When you can no longer compete. What do you do? #Goat #GoatDebate #RIPPele #StillRonaldo #AlienMessi
13,RUDOMAN6,2022-12-29 23:22:36+00:00,1,Twitter for iPhone,"Iâ€™m honor of The late great Pele. Whatâ€™s your top five or Mt. Rushmore. 

Top 5 in my Book
1-Messi
2-Maradona
3-Pele
4-Ronaldo
5-Ronaldinho

#GOATDEBATE #Messi #Maradona #Pele #Ronaldo #Ronaldinho #Futbol #FIFA #Worldcup"
14,WokeConnoisseur,2022-12-29 19:12:13+00:00,1,Twitter for Android,"Pele RIP ğŸ™

#pele #pele_is_no_more #GOAT #goatdebate"
15,ItsmeJ0ta,2022-12-27 03:17:50+00:00,0,Twitter for iPhone,People need to stop debating about Ronaldo and Messiâ€¦Messi has been clear and every player who plays professional agrees with this especially now. Itâ€™s over stop reaching. Both are legends but Messi is clearâ€¼ï¸ #messi #ronaldo #goatdebate
16,SachinJ61172102,2022-12-25 13:06:28+00:00,0,Twitter for Android,"@iamsrk #AskSRK Lets end the debate once and for all.

Messi or Ronaldo 

#GoatDebate"
17,TroyIgay,2022-12-24 16:12:23+00:00,0,Twitter for Android,"There really isn't too much more that can be said about Messi that hasn't been already said. The epitome of a leader for an entire nation. He is simply immeasurableâš½ï¸ğŸ¥…ğŸ‡¦ğŸ‡·
#FIFAWorldCup2022
#GOATDebate
#FootballThoughts"
18,yeasiedu_,2022-12-23 20:00:43+00:00,2,Twitter for Android,He's a https://t.co/3mA9dXZx5H despite his achievements .... @Cristiano will forever be my G.O.A.ğŸ’¯ğŸŒğŸ’¥#goatdebate #cristiano #ronaldo #messi #qatar2022 #WorldcupQatar2022 #Ronaldoğ“ƒµ #Messiğ“ƒµ #por https://t.co/CgdCtdJ6Wu
19,Favorite_Goat,2022-12-23 09:31:45+00:00,0,Twitter Web App,CR7 is not a threat anymore #goatdebate
20,madhyamam,2022-12-23 04:39:26+00:00,0,Hocalwire Social Share,à´®àµ†à´¸àµà´¸à´¿ à´¤à´¨àµà´¨àµ† à´—àµ‹â€‹à´Ÿàµà´Ÿàµ à´à´¨àµà´¨àµ à´—àµà´µà´¾àµ¼à´¡à´¿à´¯àµ‹à´³; à´† à´¤àµ¼à´•àµà´•à´‚ à´¤àµ€àµ¼à´¨àµà´¨à´¿à´Ÿàµà´Ÿà´¿à´²àµà´²àµ†à´¨àµà´¨àµ à´‡à´¨à´¿à´¯àµ†à´¸àµà´±àµà´± #LionelMessi #GOATdebate #AndresIniesta https://t.co/Oom5iMArxQ
21,MrHoneyDoServi1,2022-12-22 15:00:01+00:00,0,eClincher,"So, the NBA named the MVP award after Michael Jordan huh? Guess that settles the GOAT debate. Sorry Lebron. ğŸ¤·â€â™‚ï¸ #christmas #christmasmemes #christmasgifts #merrychristmas #nba #michaeljordan #lebronjames #goat #goatdebate #mvpaward https://t.co/rZqeTC1orR"
22,ajatoye_o,2022-12-22 14:58:13+00:00,0,Twitter for Android,"It's not how far but how well!
#goatdebate"
23,WorldcupUS_2026,2022-12-22 12:46:04+00:00,0,Twitter for iPhone,@piersmorgan said Maradona was better than Messi. Think again. @GNev2 @Carra23 #GoatDebate https://t.co/eXmoIQChBt
24,Oberiko_Pro,2022-12-22 09:10:25+00:00,2,Twitter for iPhone,"Who is your goat? 
#goat #goatdebate https://t.co/i5RVCLJszq"
25,AracaMilk,2022-12-22 06:40:39+00:00,6,Twitter Web App,"Pabrik Pengolahan Supplier Susu Kambing Etawa 100% Murni. Susu untuk Manusia, Anjing, dan Kucing.
Rekomendasi Susu Kambing Etawa Terbaik.
#araca #aracamilk #susu #susukambing #susukambingetawa #kambingetawa #goatmilk #GOATğ“ƒµ #goatfarm #goatfarming #goats #goatdebate https://t.co/UFBV7vXZjc"
26,jairon_cora,2022-12-22 04:06:18+00:00,3,Twitter for iPhone,"A estas alturas el que aÃºn tenga like en la foto del huevo es anti-Messi 

#goatdebate #GOATğ“ƒµ #Messiğ“ƒµ"
27,muazhalym,2022-12-22 02:38:01+00:00,1,Twitter for iPhone,"Could @FIFAcom @FIFAWorldCup @fifamedia arrange #Messiğ“ƒµ , #Ronaldoğ“ƒµ &amp; #Mbappeğ“ƒµ  to compete in a 200M sprint while the world watches #live ?
That should perhaps #end the #goatdebate . https://t.co/aMCTKyFs1q"
28,dewannofficial,2022-12-21 23:16:23+00:00,0,Twitter for Android,@piersmorgan #GOATğ“ƒµ #goatdebate https://t.co/OLsKWHuL1J
29,AelFarouq,2022-12-21 22:55:20+00:00,1,Twitter Web App,"@Omojuwa #GOATğ“ƒµ yet to be decided #goatdebate unending too many different records nd starts to be considered @Cristiano #CristianoRonaldo  #Ronaldoğ“ƒµ  #Messi  #Messiğ“ƒµ 
and @KMbappe  is on the rise #Mbappeğ“ƒµ"
30,AelFarouq,2022-12-21 22:45:50+00:00,0,Twitter Web App,@Austinporcher1 @Omojuwa This #goatdebate is never going to be settled less you counting trophies nd if so other players have everything too what is to be done about them? @Cristiano @KMbappe @mbappegoals_  #Ronaldoğ“ƒµ #Ronaldinho  #Messi  #Mbappeğ“ƒµ  #Football is #beautiful
31,MariaBabar20,2022-12-21 21:37:42+00:00,0,Twitter Web App,@sollysankz This dude is delusion number centric ğŸ¤¡.  Or he is just saying all that to get attention. Many of them theese day's as #messi have closed the #goatdebate
32,joel_oseyili,2022-12-21 19:29:28+00:00,2,Twitter for iPhone,"Uniben adding to the GOAT ğŸ debate ğŸ¤£

#GOATğ“ƒµ #Messiğ“ƒµ #Argentina #goatdebate #WorldCup2022 #WorldCupFinal #WorldcupQatar2022 https://t.co/SfGKjQqcL9"
33,Pr__09,2022-12-21 17:58:39+00:00,0,Twitter for iPhone,These things don't matter any more... As #Messi is happy as he has achieved this ultimate target... #goatdebate
34,Pr__09,2022-12-21 17:55:40+00:00,1,Twitter for iPhone,"Iâ€™m glad iâ€™m messi fans, i donâ€™t need to explain anything just sit tight watching him play and proof everything. While the others fans hv to do everything, i mean EVERYTHINGğŸ¤­ğŸ¤­ğŸ¤­ #GOATğ“ƒµ #goatdebate #Messiğ“ƒµ https://t.co/UjVDgOtOJV"
35,tysonk88,2022-12-21 15:17:08+00:00,2,Twitter for iPhone,"@RealSkipBayless @undisputed Either you play to win with the pain or you donâ€™t. Playing injured is difficult, some can handle it and some canâ€™t. #WIN #sportsbet #sports #football #goatdebate #GOATğ“ƒµ"
36,RobEccles_,2022-12-21 14:51:16+00:00,0,Twitter Web App,"This guy not being in your top 5 shows that you donâ€™t know ball ğŸâš½ï¸

#Top5 #Messiğ“ƒµ #goatdebate https://t.co/Ch8Clk5z1b"
37,19me07rt,2022-12-21 14:40:33+00:00,0,Twitter for iPhone,"Cristiano Ronaldo is the greatest off all time simply the GOAT. ğŸ 

cc: ftbl.adnan on tik tok
#ronaldo #goat #goatdebate https://t.co/OIm6m9Bx74"
38,veterehan_md,2022-12-21 13:30:23+00:00,0,Twitter for Android,"@iam_FirstSamuel @UgwunnaEjikem The DELETED TWEET  @FIFAWorldCup #GOATğ“ƒµ #Messiğ“ƒµ 
#GoatDebate #FIFAWorldCup https://t.co/I2V7f9Yveb"
39,veterehan_md,2022-12-21 13:28:46+00:00,0,Twitter for Android,@Anowax @iam_FirstSamuel @astaroth_g @UgwunnaEjikem This is the Deleted Tweet by @FIFAWorldCup . #GOATğ“ƒµ #goatdebate  #FIFAWorldCup https://t.co/ou9fgzYl8R
40,wildlabssafaris,2022-12-21 13:17:45+00:00,1,Twitter for Android,"Now that the #GOATğ“ƒµ / #goatdebate has been resolved, the wild is now calling #VisitUganda  with Wildlabs Safaris making it happen. Tap on https://t.co/UZlc5YstXc for more info on getting on board https://t.co/e9Ja9CYBjv"
41,SarpsEffect,2022-12-21 12:47:04+00:00,0,Twitter for iPhone,"@Cristiano in titles all be 5'5 chensee 

#Ronaldo #Davido #goatdebate #Messiğ“ƒµ #GreatestOfAllTime https://t.co/0sSboscZq7"
42,worldyourpalm99,2022-12-21 07:00:39+00:00,0,Twitter for Android,"More than settling the #GOATdebate with #CristianoRonaldo, which was media muppetry clearly, it was Messi earning back the love he always was entitled to but felt bereft of after 2014, from grudging home fans. Even the vanquished French  #Messiğ“ƒµ #Mbappe
https://t.co/yDoeRg8Ypv"
43,ViniDinho19,2022-12-20 22:41:52+00:00,32,Twitter for iPhone,"This pretty much sums up their careers as ronaldo have everyone hates him, â€œ(maybe they donâ€™t like me because Iâ€™m to good)â€ while Messi get protected. 
For me Ronaldo is the GOAT, thanks for reading! Rt appreciated! #GOATğ“ƒµ #goat #goatdebate #ronaldo #Ronaldoğ“ƒµ #messi #Messiğ“ƒµ"
44,KingFitch_H19,2022-12-20 21:58:41+00:00,0,Twitter for Android,#AshKetchum #LionelMessi #LionelMessiğ“ƒµ #Pokemon #GOAT #goatdebate #Legends #Champions https://t.co/FaCHHaMWOi
45,Cherno_Samba10,2022-12-20 20:08:30+00:00,0,Twitter for iPhone,"Messi and Ronaldo are both the best of their generation. Ronaldo the better goal scorer and Messi the better all round footballer, Pele/Maradona etc are different generations and different skills. Shouldnâ€™t be so deep #GOATğ“ƒµ #Messi #CristianoRonaldo #Pele #Maradona #goatdebate"
46,azharr_rrr,2022-12-20 17:55:04+00:00,1,Twitter for iPhone,"They say heâ€™s goat, who are they?
#goat #goatdebate #500m"
47,jairon_cora,2022-12-20 17:21:42+00:00,47,Twitter for iPhone,"De crack a crack 
#goatdebate 

@mundodeportivo https://t.co/vhZiW3NVBZ"
48,YoungInfinix10,2022-12-20 16:47:12+00:00,0,Twitter for iPhone,"ONE MORE RECORD! 
#Messiğ“ƒµ instagram post becomes THE MOST liked EVER!

Even after his wc win, #Messi keeps on crushing records ğŸ¤¯ğŸ

#GOATğ“ƒµ #goatdebate"
49,_AnonymousEyes,2022-12-20 16:31:00+00:00,0,Twitter Web App,"THIS. RATIONALITY.

#FIFAWorldCup #goatdebate @Cristiano"
50,jairon_cora,2022-12-20 13:57:47+00:00,18,Twitter for iPhone,"No estoy de acuerdo con que para engrandecer a un jugador haya que atacar a otro. 

Messi y Cristiano ambos tienen su legado entre los grandes. Y estoy convencido de que no hubiÃ©semos visto lo mejor de uno, sin el otro. 

Disfrutemos del fÃºtbol, que es uno solo. 

#goatdebate"
51,TerTereix50,2022-12-20 13:50:33+00:00,0,Twitter for Android,#bo3 #blackops3 #PS4share #PS4 #GOAT #goatdebate #goated #MorningLive
52,Cityblues1,2022-12-20 13:46:12+00:00,0,Twitter for Android,"Alright then, #FIFAWorldCup done, #Messiğ“ƒµ won it and cemented his claim as the #GOATğ“ƒµ in the #goatdebate let's get back to watching our respective clubs then shall we. #Excited"
53,AtuboluO,2022-12-20 10:17:30+00:00,1,Twitter for iPhone,Most liked post on Instagram. The undisputed goatğŸğŸ’™. La pulga #GOATğ“ƒµ #mostliked #benzkhaokhwan #Messi #goatdebate https://t.co/AidMlbHB5i
54,ideaderek,2022-12-20 09:47:49+00:00,4,Twitter for Android,"And that was how #Messi became the #GOATğ“ƒµ I guess the argument has been put to rest now, do does anyone still have their reservation?

Speak now or forever remain silent!!!
#ASSU #Messiğ“ƒµ Messi and Ronaldo #enzofernandez #carmen #GOATğ“ƒµ #goatdebate"
55,artnurin2,2022-12-20 09:19:40+00:00,5,Twitter for Android,"i think all this comparison robs the world of the energy to appreciate the beauty these two footballing legends have brought to this game.

these two have had EXCELLENT football careers.
respect to you G.O.A.Ts

#Messi #CristianoRonaldo #goatdebate #GOATğ“ƒµ
#endanglophonecrisis https://t.co/W2CmYf1U09"
56,barralpha1,2022-12-20 09:00:19+00:00,0,Twitter for iPhone,"#Messiğ“ƒµ vs #Maradona Stats. Who is the greatest Argentine player???
#GreatestOfAllTime #goatdebate #FootballUnitesTheWorld https://t.co/eP2yCWNKtf"
57,iamnidalcheema,2022-12-20 08:54:52+00:00,1,Twitter for Android,"@HussainWasiq09 Iâ€™ve been refreshing all day ğŸ¤£
#goatdebate"
58,soccer_zeal,2022-12-20 08:35:08+00:00,2,Twitter for Android,"The poet of Football now in his hometown â¤ï¸ğŸ‡¦ğŸ‡·

Amo Argentina, amo a Leo.

#WorldCupFinal2022 #Champions #Messi #MessivsEgg #MESSIDAY #Messiğ“ƒµday #messigoat #messivsmbappe #GOATğ“ƒµ #goatdebate #Bangladesh #FIFAWorldCup #VamosArgentinaLPM #VamosArgentina #Buenos_Aires https://t.co/Y0G02vgqCp"
59,soccer_zeal,2022-12-20 08:21:17+00:00,1,Twitter for Android,"When FIFA says that the #goatdebate is settled, the cynics should accept everything.
 #Messiğ“ƒµ FROM NOW THE ULTIMATE #GOATğ“ƒµ OF FOOTBALL HISTORY.

#FIFAWorldCup #MESSIDAY #Argentina #FIFAWorldCup2022 #FIFAWorldCup2022Final #FIFAWorldCup2022 #Champion https://t.co/PhQcRZP5b6"
60,leo_alibadshah,2022-12-20 06:48:45+00:00,1,Twitter for Android,"Trophies are won by teams , a combination of players rather than individuals. Portugal has never been a world class team.Only hopes were created by legend #Ronaldo.
For me Ronaldo has been a great player .The #goatdebate doesn't end with the #WorldCup."
61,HTSportsNews,2022-12-20 06:30:15+00:00,5,Twitter Web App,"When FIFA gives verdict on the GOAT debate...

#FIFAWorldCup #CristianoRonaldo #Ronaldo #LionelMessi #Messi #GOAT #goatdebate 

https://t.co/cBzjqQ7524"
62,aditkathuria,2022-12-20 06:24:48+00:00,0,Twitter for iPhone,"Iâ€™ve seen so many goat debate reels in the past few days. Do people not realise that even if the debate is not, their football journeys are about to get over. Enjoy while u can because football wonâ€™t be the same without them. #Messi #Cristiano #goatdebate"
63,ArijitMusic,2022-12-20 06:07:29+00:00,4,Twitter for iPhone,"@devdanmitra writes why this #GOATğ“ƒµ debate is not relevant, unless itâ€™s for a bigger cause. And very rightly so. @ttindia #goatdebate @ShantanuEditor @SankarshanT 

https://t.co/TFUDLQQAEU"
64,SamiUll47044541,2022-12-20 05:29:16+00:00,1,Twitter for Android,"https://t.co/i8yyDYeKPe

#Messiğ“ƒµ
#GOATğ“ƒµ
#goatdebate  #Ronaldoğ“ƒµ #Ronaldo 
#Mbappe #FIFAWorldCup"
65,Eloisee_35,2022-12-20 03:02:48+00:00,0,Twitter for Android,"Messi is like porn. Everyone loves him but not everyone will admit it . 
#GOATğ“ƒµ  #Messiğ“ƒµ #FIFAWorldCup #goatdebate 
#WorldCup"
66,HTSportsNews,2022-12-20 02:46:13+00:00,10,TweetDeck,"Here's Cristiano Ronaldoâ€™s honest admission on Messi's FIFA World Cup win settling GOAT debate

#GOAT #GOATdebate #CristianoRonaldo #Ronaldo #LionelMessi #FIFAWorldCup #Messi

https://t.co/Y6tFaJ6eE6"
67,rahulpuri,2022-12-20 02:35:05+00:00,1,Twitter for Android,"Children argue about 'who's the greatest'. When you grow up, you are supposed to know better. #GoatDebate"
68,jorlegonc,2022-12-20 00:12:36+00:00,0,Twitter for Android,"El mejor ejemplo de una discusiÃ³n bizantina: Â¿Fue mÃ¡s grande @Pele o @messiIioneI?. No importa cuÃ¡nto se esmere en defender su elegido nunca tendrÃ¡ la evidencia que permita una respuesta definitiva, porque el contexto histÃ³rico no permite comparaciones correctas. #goatdebate"
69,farangezsaeedi,2022-12-19 23:34:05+00:00,1,Twitter for iPhone,Okaaay back on twitter after years because @jaademaiwand keep mentioning that I am missing out.. Now I am updated on the world event such as @GadSaadâ€™s dinner and the very entertaining recruitment process of the new #TwitterCEO and of course the heated #goatdebate ğŸ¤“
70,SportsMaxZone,2022-12-19 23:03:06+00:00,14,Twitter Web App,"""I don't think football needs a GOAT....""ğŸ

#GOATğ“ƒµ #goatdebate https://t.co/k6qsxrm7j5"
71,TheFutnet,2022-12-19 23:00:32+00:00,2,Twitter for Android,"Is the debate over? Comment ğŸ‘‡
#Ronaldo
#messi
#FIFAWorldCup 
#goatdebate https://t.co/fwb4gqSi5O"
72,Oscarlantus1,2022-12-19 21:56:00+00:00,0,Twitter for Android,"Only piers Morgan and some certain fan base will dispute this. 
#goatdebate #Messiğ“ƒµ #FIFAWorldCup https://t.co/zpLRghJVc5"
73,Mrpouya15,2022-12-19 21:22:34+00:00,1,Twitter for Android,Who is the goat ğŸğŸ‡µğŸ‡¹ğŸ‡¦ğŸ‡· #Messi #Ronaldo #goatdebate #FIFAWorldCup
74,RautmareSwapnil,2022-12-19 21:16:20+00:00,3,Twitter for Android,"The words ""Don't be careful, be confident"" hit differently!

You are really the GOAT @TomCruise 

#GOATğ“ƒµ #GOAT #goatdebate"
75,drtamalehenry,2022-12-19 20:56:07+00:00,11,Twitter for Android,"I swore this to be the last..  but, well, I don't know...
#GOATğ“ƒµ 
#goatdebate l
#goatmessi https://t.co/nFJy01Y9sb"
76,RealDanicute,2022-12-19 20:54:00+00:00,0,Twitter Web App,"RT for@TeamMessi 
â¤ for @Cristiano 

Both are G.O.A.T in defer Dimensions 
#GOATğ“ƒµ 
#goatdebate 
#TeamMessi 
#CR7ğ“ƒµ"
77,anuragm_21,2022-12-19 20:41:08+00:00,1,Twitter for Android,"End of GOAT debate. Messi is finally the world champion. ğŸ‡¦ğŸ‡·ğŸ†

#goatdebate #GOATğ“ƒµ #MESSIDAY #Messi #Messiğ“ƒµ #WorldCupFinal #FIFAWorldCup #ArgentinaVsFrance #Argentina https://t.co/6Bmf1O1WVH"
78,Oscarlantus1,2022-12-19 20:14:49+00:00,0,Twitter for Android,"In few weeks from now the supposed supporters of #Mbabbe will be supporting Bayern Munich to beat PSG in Uefa champions league  just because they hate #Messi ğŸ˜€ğŸ˜€ğŸ˜‚ğŸ˜‚ hypocrites everywhere. 
#goatdebate https://t.co/HYDtO2aFxb"
79,joe_mbaya,2022-12-19 20:14:03+00:00,2,Twitter Web App,#GOATğ“ƒµ  #goatdebate #GOATHERD #Pele #Messiğ“ƒµ https://t.co/7stqXvy1JU
80,whitedapoet,2022-12-19 17:35:51+00:00,4,Twitter for Android,I love C.Ronaldo and Messi. I am so happy i saw both of em play.i Can't be hating on greatness. #goatdebate #messi #Ronaldo
81,AtuboluO,2022-12-19 17:19:48+00:00,2,Twitter for iPhone,Messi photo is 10millions away from being the most liked Instagram photo ever. Letâ€™s get the #Goat the most liked ever on Instagram.  #FIFAWorldCup #Messiğ“ƒµ #goatdebate #goatmessi #Mbappe #ThankYouQatar #WorldCupFinal #LionelMessiğ“ƒµ #FIFAWorldCup #Benzema https://t.co/ifGWZ9LrFQ
82,DeuceInfoSec,2022-12-19 17:12:24+00:00,1,Twitter for Android,"Pele ain't no goat..he's ONLY The Best That Ever Lived..ğŸ‡§ğŸ‡·âš½ï¸ğŸŒ
#goatdebate #GOAT #Pele #TheBestEver #WorldCup #ojogobonito https://t.co/nefhaPxRWe"
83,A_Real_Godd,2022-12-19 17:01:03+00:00,0,Twitter for iPhone,"Subscribe https://t.co/i881WUhd6b  AND LETS CREATE HIS-STORY ğŸ‘‘ğŸ 

#Mbappe #CR7ğ“ƒµ #goatdebate https://t.co/zAd5UamKHl"
84,GyeningYeboah,2022-12-19 16:06:38+00:00,0,Twitter for iPhone,"HğŸ”¥T SğŸŒ¶ï¸ACE! 

Make sure you add it to your supper. ÆyÉ› kama papa! 

#Messi #Qatar2022 #ArgentinaVsFrance #goatdebate #GOATDebateisover https://t.co/1cw6Ubf9Mz"
85,vazeegar,2022-12-19 15:58:31+00:00,0,Twitter for Android,"For the past many years, this legend gave me unlimited goosebumps and many many occasions to enjoy with full on energy mood. I was truly able to reply any trolls within a few days s because of this man's unmatchable passion and confidence.
#GOATğ“ƒµ
#CristianoRonaldo 
#goatdebate https://t.co/1yfqF313Q8"
86,vazeegar,2022-12-19 15:56:34+00:00,0,Twitter for Android,"I know, putting this man's pic on my wall/status today might recieve many trolls, my pm/inbox will be filled by some ğŸ˜‚ğŸ˜‚ reactions and funny replies but tbh I don't care about that.
#CristianoRonaldo 
#GOATğ“ƒµ 
#goatdebate 
#CR7ğ“ƒµ https://t.co/ROMDFhTnd0"
87,vazeegar,2022-12-19 15:53:46+00:00,1,Twitter for Android,"Cristiano Ronaldo, for me you are the  greatest in the history of this beautiful game. And I will keep supporting you strongly unlike some boneless craps who enjoyed many years with all privileges as fans, now nicely changing their stands!
#CristianoRonaldo 
#GOATğ“ƒµ 
#goatdebate https://t.co/iVuk3EU3Rb"
88,Fla_Geral,2022-12-19 14:59:38+00:00,0,Twitter for iPhone,Quem Ã© maior? ğŸ #GOAT #goatdebate #messi #maradona #Pele
89,CMigwambo,2022-12-19 14:12:38+00:00,0,Twitter Web App,"1.Pele
2.Maradona
3.Zidane
4.Ronaldinho
5.CR7
6.Messi

#goatdebate"
90,otiistic,2022-12-19 13:29:07+00:00,0,Twitter for Android,The mantle was handed over from the Messiah to the new #GOATğ“ƒµ #FIFAWorldCup #Messiğ“ƒµ #historical #Mbappe #WorldCup #Argentina #mygoat #GoldenBoot #GOAT #goatdebate https://t.co/tzEczdLR5g
91,otiistic,2022-12-19 13:26:00+00:00,2,Twitter for Android,Its the norm #FIFAWorldCup #Messiğ“ƒµ #Mbappe #mygoat #goatdebate #GOAT
92,SirmeMtalii,2022-12-19 13:15:53+00:00,0,Twitter for Android,@ESPNFC R. I. P TO #GOATDEBATE
93,MoKazim_7,2022-12-19 13:10:58+00:00,1,Twitter Web App,Checkmate!!!! #goatdebate https://t.co/Vxm0GtYsgd
94,joshuaokurut1,2022-12-19 12:59:46+00:00,4,Twitter for Android,@anthoxyllb1 Lol ğŸ¤£âš½âš½âš½ğŸ¤£ @anthoxyllb1 #goatdebate
95,irfannathi,2022-12-19 12:31:13+00:00,2,Twitter for Android,"I think we all must now admit that Leo Messi is the greatest player of all-time, after Cristiano Ronaldo ğŸ

#GOATğ“ƒµ | #GOAT | #goatdebate | #CristianoRonaldo | #Messi | #CR7ğ“ƒµ | #Messiğ“ƒµ | #Ronaldoğ“ƒµ | #Cristiano | https://t.co/Euulqcm6Jv"
96,PFrimpmans,2022-12-19 11:35:10+00:00,1,Twitter for Android,"I decided who my GOAT was 10years ago.
So I'm really not into this #GoatDebate 
I made up my mind in 2012 and I'm still sticking to it till I see a player better than Lionel Messi. 
It's not just the numbers cos they don't give you the feeling."
97,contacts13525,2022-12-19 11:33:12+00:00,0,Twitter Web App,"Pseudo Goat witnessing the Real GOAT lifting the world cup trophy... GOAT debate finally ended â¤ï¸ğŸ˜ğŸ”¥
#Messiğ“ƒµ #Messi #Messiğ“ƒµday #messivsronaldo #GOATğ“ƒµ #goatdebate #FIFAWorldCup2022Final #FIFAWorldCup2022 #FIFAWorldCupFinal #ArgentinaVsFrance #Qatar2022 https://t.co/fMAicNyV1H"
98,RhHassan,2022-12-19 11:10:36+00:00,1,Twitter Web App,"@LoganPaul If World Cup is the criteria, then Pele is the undisputed GOAT.
If Champions League is the criteria, then Cristiano Ronaldo is the undisputed GOAT.
Leo Messi is just a bystander either way. 
#GOATğ“ƒµ #goatdebate #CR7GOAT"
99,shakib_far4,2022-12-19 10:38:35+00:00,0,Twitter for iPhone,"11:55 PM, 18 December, 2022.. 
Lionel Andres Messi.. He is the GOAT! No more argument, no more debate. He is above all. Never ever compare himâ¤ï¸ 
Thatâ€™s the post! Letâ€™s end this conversation. #FIFAWorldCup #Messiğ“ƒµ #ArgentinaVsFrance #WorldCupFinal #GOATdebate #MessivsRonaldo"
100,IzuchukwuEmma18,2022-12-19 10:37:40+00:00,0,Twitter for Android,@Carra23 #goatdebate https://t.co/36fQMcClb7
101,DasPrium,2022-12-19 10:03:36+00:00,0,Twitter for Android,The #goatdebate?  There was never one. Ronaldo he can be one. But #Messi?  He is not a GOAT. He is a GOD.
102,Shuvro__Rahman,2022-12-19 09:55:49+00:00,0,Twitter for Android,"I'm gonna end the GOAT debate...
.
.
.
.
Ladies &amp; gentlemen, presenting you the ultimate GOAT

#GOAT #GOATğ“ƒµ #goatdebate https://t.co/jmC932dKqO"
103,iKyrianOfficial,2022-12-19 09:51:53+00:00,5,Twitter for iPhone,"My GOAT vs YOURS

Ballon Dâ€™or NO: 8 Loadingâ€¦
#ArgentinaVsFrance #WorldCup #Messi #Mbappe #Ø§Ù„Ø§Ø±Ø¬Ù†ØªÙŠÙ†_ÙØ±Ù†Ø³Ø§ #ThankYouQatar #Argentina #GOATğ“ƒµ #FIFAWorldCup #Messiğ“ƒµ #goatdebate https://t.co/a17fSXN8Mb"
104,FPL_Smoker,2022-12-19 09:47:57+00:00,1,Twitter Web App,Poetic Mr. Drury #GOATğ“ƒµ #WorldCup #Messiğ“ƒµ #goatdebate #football
105,ankitsindhi,2022-12-19 09:26:11+00:00,1,Twitter Web App,"Unpopular opinion: Nowadays, people say ""GOAT"" when they mean ""WOW"", not ""Greatest Of All Time"".

#GOATğ“ƒµ #GOAT #goatdebate"
106,WoleFamurewa,2022-12-19 09:00:24+00:00,0,Twitter Web App,I know we should be celebrating #Messi and #Argentina for the world cup win but I couldn't help but share this clip of #Maradona. Congrats to Messi on a huge accomplishment but that #goatdebate remains settled in my mind.  https://t.co/SAJE8ieW31
107,h_nair_97,2022-12-19 08:36:54+00:00,1,Twitter for Android,"I pray for the souls of those toxic fans who are demeaning LM10 and his journey, his hardships, just so they can justify why CR7 couldn't win the FWC2022.
To me LM10 is The GOAT. Doesn't mean, I dont like CR7 or I should say all kinds of crap about him.
#goatdebate #FIFAWorldCup"
108,SourcasticGuyy,2022-12-19 08:31:31+00:00,0,Twitter for Android,"Cannot believe it took one tournament to settle a fucking 15 year old debate...
#FIFAWorldCup 
#goatdebate"
109,TeenerMurata,2022-12-19 08:03:12+00:00,0,Twitter for iPhone,I canâ€™t believe I watched a 10 year debate end in 130mins ğŸ˜‚ğŸ˜‚ğŸ #goatdebate #FIFAWorldCup #CHECKMATE #ArgentinaVsFrance #Messiğ“ƒµ
110,dreamerbose,2022-12-19 07:48:45+00:00,2,Twitter for Android,@ESPNFC Beg to differ. How can 1 player be responsible for an entire team's performance?! #GOATğ“ƒµ #goatdebate #GOATDebateContinues
111,Kwikpic_in,2022-12-19 07:36:21+00:00,0,Twitter for Android,"Even our facial recognition technology can tell who's the real GOAT here!

#Messiğ“ƒµ #ArgentinaVsFrance #WorldCupFinal #LionelMessiğ“ƒµ #FIFAWorldCup #FIFAWorldCup2022Final #Messi10 #Messiğ“ƒµday #MondayMotivation #CongratulationsArgentina #WorldChampions #goatdebate #GoldenBall https://t.co/6ekzRXlqaK"
112,PsychTea_,2022-12-19 06:24:54+00:00,1,Twitter for iPhone,The day after the WC final.. Happy Shaka Hislop day! #GOATdebate #espn https://t.co/JC8UYvpj21
113,GoodHealthComp2,2022-12-19 06:01:20+00:00,0,Twitter Web App,"What a historic night it wasğŸ™ŒğŸ¤©
From Mbappe's Hatrick goals to Messi lifting the world cup.
watching the game is like a rollercoaster ride for every football fan across the globe.
it's like the man vs the whole of Argentina

#goatdebate #Mbappe #Messiğ“ƒµday https://t.co/j0JkBxANQf"
114,ImHiddenWarrior,2022-12-19 05:53:49+00:00,0,Twitter for Android,"Football is a team game, right? World Cup is not an individual award that makes a single player the GOAT.
The Ronaldo vs Messi debate will remain the same because they are both the BEST. 
#FIFAWorldCup #Ronaldo #Messi #GOATğ“ƒµ #goatdebate"
115,nadamutawa,2022-12-19 05:49:59+00:00,1,Twitter for iPhone,"Ø±Ù…Ø² Ø§Ù„ ğŸ ØªÙƒØ±Ø± ÙÙŠ Ø§ØºÙ„Ø¨ Ø§Ù„ØªØµØ±ÙŠØ­Ø§Øª Ø¨Ù†ØªÙŠØ¬Ø© Ø§Ù„Ù…ÙˆÙ†Ø¯ÙŠØ§Ù„ Ùˆ ÙŠØ´ÙŠØ±  Ø§Ù„Ù‰ GOAT 
Greatest of All Time 
Ø§Ù„ÙØ±ÙŠÙ‚ Ø§Ù„Ø§Ø¹Ø¸Ù… Ø®Ù„Ø§Ù„ Ø§Ù„ØªØ§Ø±ÙŠØ®
#GOATğ“ƒµ #goatdebate
#Ø«Ù‚Ø§ÙØ© #Ù…Ø¹Ù„ÙˆÙ…Ø©"
116,aceallenn,2022-12-19 05:43:19+00:00,0,Twitter for Android,"Stop the #goatdebate 
Both are the real OGs. #GOATğ“ƒµ #GOAT #FIFAWorldCup #FIFAInTheHouse #FIFAWorldCup2022 #FIFAWorldCup2022Final"
117,SportRadioAS1,2022-12-19 05:32:57+00:00,14,Twitter Web App,"Sporting Moment for the ages ğŸ‘‡

#FIFAWorldCup 
#Argentina 
#Messiğ“ƒµ 
#goatdebate 

https://t.co/mn5USeR8MQ"
118,Parbesh09,2022-12-19 04:43:01+00:00,0,Twitter for Android,"Argentina are still runners up with trophy real world champions are saaudi arabia!
#FIFAWorldCup #Argentina #Messi #goatdebate #ArgentinaVsFrance"
119,dzonsailo,2022-12-19 04:37:12+00:00,1,Twitter for Android,"*OFFICIAL*
The GOAT debate ends eternally
#GOATğ“ƒµ #goatdebate #FIFAWorldCup #ArgentinaVsFrance #WorldCupFinal #Messiğ“ƒµ #Argentina https://t.co/neVl5tivlQ"
120,gvst4m,2022-12-19 04:27:13+00:00,0,Twitter for Mac,Sah Belom ?  #GOATğ“ƒµ #goatdebate #Messiğ“ƒµday #FIFAWorldCup2022 https://t.co/aLkJliCx4M
121,iam_saumy,2022-12-19 04:16:20+00:00,0,Twitter for iPhone,"youâ€™re 1 up but it aint settled just yet.
#goatdebate
#ArgentinaVsFrance 
#CristianoRonaldoğŸ"
122,geology_journal,2022-12-19 04:10:14+00:00,5,Twitter Web App,"#Congratulations to all #Argentina and #Messi fans throughout the World.
Well played #France 
#messi #goatdebate LIONEL ANDRES MESSI .What a final https://t.co/Co3eJxv7r0"
123,Gvchypapi,2022-12-19 03:32:45+00:00,1,Twitter for iPhone,"Being a Ronaldo fan for more than 20 years, I can finally say that the debate is over â›”ï¸  Messi is the number 1 goat ğŸ 

RONALDO AND MESSI HISTORY!

End of Ronaldo and Messi ğŸğŸ
#FIFAWorldCup #WorldCupFinal #Messi #WorldCup #Qatar2022 #goatdebate #ronaldomessidebate"
124,PrudentHero,2022-12-19 02:53:07+00:00,0,Twitter for Mac,"â€œGreatest of all timeâ€ 
#GOATğ“ƒµ #goatdebate 

Who is it? 
He who conquered, shaped, and transcended â€¦"
125,Bn7Pavan,2022-12-19 02:30:46+00:00,2,Twitter for Android,"Winner ğŸ†: ARGENTINAğŸ‡¦ğŸ‡·

@drtrustisin
#FIFAWorldCupâ€¯â€¯â€¯â€¯â€¯â€¯â€¯â€¯â€¯ 
#Giveaway
#DrTrust #Qatar2022â€¯â€¯â€¯â€¯â€¯â€¯â€¯â€¯â€¯ 
#Messi #MabappÃ© #goatdebate

Join guys 
@likith_shaiva 
@Girishnayak1501 
@amulyam2001 
@DhanBah32272486 
@i_prashant21 
@Girishnayak1501 
@AkashGBhat3"
126,faztcheckmate,2022-12-19 01:30:54+00:00,0,Twitter for Android,"The #GOATğ“ƒµ receiving his crown. Even though the controversial #goatdebate was never in doubt, #GOATDebateisover. #VamosArgentina, #VamosMessi, #TheWorldGame salutes you lifting #TheWorldCup."
127,the_seekee,2022-12-18 23:45:30+00:00,2,Twitter for Android,"6 penalties in 7 games, the real goats ğŸ are referees ğŸ“¢ #goatdebate  #ARGFRA"
128,Delorean861,2022-12-18 23:30:48+00:00,0,Twitter for Android,"#goatdebate, per me si riduce tutto ad una questione di valori e di quali ognuno di noi sceglie come fondamento del proprio essere. PrenderÃ² in considerazione 4 giocatori: PelÃ©, Maradona, Messi e Ronaldo."
129,WokeConnoisseur,2022-12-18 22:46:11+00:00,1,Twitter for Android,"As of today below my all time top 5
1 - Messi
2 - Pele
3 - Cristiano Ronaldo
4 - Maradona
5 - Johan Cruyff

Than a gap where spot 6 till ? is open for debate
R9
Romario
Zidane
Ronaldinho
Mbappe
Gullit
v Basten
Maldini
Platini
Henry
Beckenbauer

#goatdebate
#GOATDebateisover #GOAT"
130,ACL_KneeSurgery,2022-12-18 22:34:56+00:00,3,Twitter Web App,The debate is over #GOAT #goatdebate @FCBarcelona @PSG_English https://t.co/ZZHx2dudb9
131,sol4x,2022-12-18 22:13:48+00:00,0,Twitter for Android,"#Messiğ“ƒµ that's 
the
#tweet #goatdebate is done https://t.co/vcjFHoh47S"
132,real_troyAramni,2022-12-18 21:43:24+00:00,0,Twitter for Android,"Ronaldo self never even congratulate Messi....
Na wa oo ğŸ¤¦ğŸ¤¦
#goatdebate #FIFAWorldCup"
133,muradov808,2022-12-18 21:42:32+00:00,1,Twitter for iPhone,End of debateâ€¦Messi&gt;Ronaldo #goatdebate https://t.co/xlZmBPpfAU
134,AbelMusuka,2022-12-18 20:54:04+00:00,23,Twitter for Android,My enemies are after me. Its gonna be a tough couple of days. This too shall pass. #goatdebate https://t.co/nOqQAH30c6
135,DarkMind_RN,2022-12-18 20:47:36+00:00,4,Twitter for Android,"As Peter Drury said ; ğŸ—£ï¸ â€œ it is Done ,Messi has completed football â€
I present to u ""THE GREATEST OF ALL TIME"" ; Lionel Messi â¤ï¸ğŸ˜Šâ¤ï¸

#FIFAWorldCup #WorldCupFinal #Messiğ“ƒµ #Messi #GOATğ“ƒµ #goatdebate #GOAT https://t.co/GKpenfM6HI"
136,Moze_keyz,2022-12-18 20:40:34+00:00,0,Twitter for Android,"Debate done
#goatdebate 
#Messi https://t.co/vgHIgbOO9Z"
137,hassaan9006,2022-12-18 20:38:24+00:00,0,Twitter for Android,"How many times we hv to tell u...?ğŸ˜‚ğŸ¤§
It's @Cristiano Ronaldo 4ever â¤ï¸ğŸ«¶ğŸ‡µğŸ‡¹ğŸ™‡ğŸ™ŒğŸğŸğŸ
#CR7ğ“ƒµ #FIFAWorldCup #cristiano #CristianoRonaldo #Ronaldoğ“ƒµ #GOATğ“ƒµ #cristiano_ronaldo #debate #goatdebate #GOAT"
138,ImNiloyGhosh,2022-12-18 20:37:26+00:00,0,Twitter for Android,"This is how you cÌ¶eÌ¶lÌ¶eÌ¶bÌ¶rÌ¶aÌ¶tÌ¶eÌ¶ smile behind of your rival! Life is too short to argue!
#GOATğ“ƒµ #GOAT #goatdebate is end! #Messiğ“ƒµ #Messi #Messiğ“ƒµday https://t.co/HzLC2trOgf"
139,frutfl,2022-12-18 20:29:38+00:00,3,Twitter for Android,"With all said and done the GOAT debate has ended.

#Messiğ“ƒµ #FIFAWorldCup #GOATğ“ƒµ #lionelmessidestroys #goatdebate"
140,mcolumiko,2022-12-18 20:11:48+00:00,3,Twitter for Android,"I guess the #GOATdebate can be put to bed now that #Messi has won the world cup ğŸ† ?. Cos if #Ronaldo had also won it would be same.
Â°Â°
Congrats!, ğŸ’ğŸ‘ to #Messi &amp; #Argentina for winning the #Qatarworldcup2022, but my own #MVP is #mbappe for shinning bright. #SportFancy #olumiko https://t.co/8G6KvQnnF7"
141,rijollba_tennis,2022-12-18 20:08:31+00:00,0,Twitter for Android,"GOATS for Venezuela debate:

Football: Juan Arango
Basketball: Carl Herrera
Baseball: Miguel Cabrera
Tennis: Nicolas Pereira
Summer Olympics: Yulimar Rojas
Winter Olympics: Adrian Solano?(https://t.co/olUSH2kLPk) ğŸ¤£

#GOATğ“ƒµ #goatdebate"
142,arthur_MKE,2022-12-18 20:06:46+00:00,0,Twitter for Android,"Salute to the GOAT
#Messi
#GOATğ“ƒµ 
#FIFAWorldCupFinal 
#QatarWorldCup 
#goatdebate https://t.co/QJf1oqcAZd"
143,_J_Jasper,2022-12-18 19:37:47+00:00,1,Twitter for Android,"#Messiğ“ƒµ on a million back
The little boy from #Rosario
Arguably one of the best
What a way to end it all
Congrats to #Argentina ğŸ‡¦ğŸ‡·

Is the #goatdebate over?
I don't know, This is Football

Bt for me #Ronaldoğ“ƒµ is my #GOATğ“ƒµ ğŸ‡µğŸ‡¹
Peace  be onto you all âœŒï¸â˜®ï¸ https://t.co/seX17vQgOq"
144,robbo_23,2022-12-18 19:36:59+00:00,0,Twitter for iPhone,Heâ€™s completed football! #Messiğ“ƒµ #messi #GOATğ“ƒµ #goatdebate #FIFAWorldCup
145,OdeyemiOladapo1,2022-12-18 19:29:52+00:00,0,Twitter for Android,"@_talha_talib #Messiğ“ƒµ is the #GOAT .

No more #goatdebate"
146,bx_alee,2022-12-18 19:27:58+00:00,0,Twitter for Android,"The best there was, the best there is and the BEST there ever will be, LIONEL MESSI The Greatest Of All Time.
End of debate. #GOAT #goatdebate #FIFAWorldCup"
147,El_Majestique,2022-12-18 19:27:09+00:00,0,Twitter for Android,"2040 Me : Kids, here's the grave of the late great GOAT Debate. He made an attempt to fly from Portugal to Qatar but was messilessy shot down by Argentine guerrillas. French allies staged a last gasp attempt to help, but the rest is history 
#WorldCup2022 
#Messiğ“ƒµ 
#goatdebate https://t.co/U6H2BuZG82"
148,DevynOwenSmith,2022-12-18 19:25:49+00:00,0,Twitter for Android,Messi deixa Cr7 e sobe ao nÃ­vel seguinte. Manipulada ou nÃ£o todos acreditaram em Messi jÃ¡ os portugueses cuspiram em Ronaldo e o meteram no banco! #goatdebate
149,Sammiefidel,2022-12-18 19:23:34+00:00,0,Twitter for Android,The #GoatDebate is finally over... #LM10 LEO MESSI the greatest of all time
150,AbelMusuka,2022-12-18 19:16:22+00:00,52,Twitter for Android,My enemies are after me. Its gonna be a tough couple of days. This too shall pass. #goatdebate https://t.co/wtRCLT2IyH
151,KeshavPulickan,2022-12-18 19:14:31+00:00,1,Twitter for Android,"The greatest there is
The greatest there was
The greatest there ever will be

Lionel Messi - GOATğŸ”¥
#LionelMessiğ“ƒµ #GOAT #goatdebate https://t.co/HdDYiGjQ6m"
152,aminukofficial,2022-12-18 19:11:39+00:00,4,Twitter for Android,"The picture we all have been waiting to see as Messi and football fans. Football is complete today. Vamos Messi, Vamos AFA - SelecciÃ³n Argentina Leo Messi #GOAT #GOATğ“ƒµ #goatdebate THE GREATEST OF ALL TIME @Ieomessiok @afa https://t.co/aByTT69696"
153,GSBAINS1,2022-12-18 19:08:56+00:00,2,Twitter for Android,"The most iconic photo from this World Cup ğŸ˜

#ARGFRA #WorldCupFinals #Qatar #ArgentinaVsFrance #Messiğ“ƒµ #Argentina #goatdebate https://t.co/27dORWY4zQ"
154,irebamisoyinka,2022-12-18 19:07:17+00:00,0,Twitter for Android,"Ronaldo @Cristiano , you should issue an official congratulatory message to Lionel Messi within the next 24hours. 
Respect him so you can have peace. ğŸ˜‚ğŸ‘ 
#GOAT #goatdebate
In the meantime, thanks to the Government of Qatar for a beautiful hosting of #Qatar2022 #FIFAWorldCup https://t.co/IZmAYqtXK8"
155,AuxyBee,2022-12-18 19:03:12+00:00,0,Twitter for Android,The #goatdebate is over ...The gods of soccer have anointed Leo Messi their #GOAT in this #Qatar2022 #WorldCup https://t.co/qjYH05FipE
156,HeisAkinwunmi,2022-12-18 18:58:05+00:00,0,Twitter for iPhone,"That was the most intense 120mins of my life. 

OMG!!!
#ArgentinaVsFrance #goatdebate over"
157,CalMcKenna1,2022-12-18 18:56:36+00:00,1,Twitter for iPhone,I guess the #GOAT debate is over thenâ€¦ Harry Brook is better than Sachin #Messi #Ronaldo #goatdebate #PAKvENG #NZvINDonPrime
158,daniwalkergh,2022-12-18 18:53:42+00:00,1,Twitter for iPhone,"The Greatest of All Time shouldnâ€™t be debatable. The reason being that the consistency and longevity of both Ronaldo and Messi is incredible.
Both players are â€œGOATâ€.
#GOATğ“ƒµ #Ronaldoğ“ƒµ #Messiğ“ƒµ #goatdebate #FootballHistory #WorldGreatestfootballers #MESSIRONALDO #history"
159,cadepetu,2022-12-18 18:53:26+00:00,0,Twitter for iPhone,"â€˜Betterâ€™ does not invalidate the quality or goodness in â€˜Goodâ€™. It only differentiates one from the other. With or without winning the WC, Messi is a better player. #goatdebate"
160,Joshuaan13,2022-12-18 18:49:33+00:00,0,Twitter for iPhone,"On the plus side for #Ronaldo fans, there is no doubt now that heâ€™s the best player never to win a world cup ğŸ¤·ğŸ»â€â™‚ï¸ #goatdebate"
161,Eastern_parrot,2022-12-18 18:39:35+00:00,0,Twitter for Android,"Just know it that Ronaldo's fans are not happy. How would they continue the GOAT debate? Even you as a Messi fan, interchange Portugal with Argentina and imagine the feeling. #GOATdebate
#Messiğ“ƒµ #ShortsFIFAWorldCup #FIFAWorldCup #ARGFRA #BudweiserWorldCup #WorldCupFinal"
162,Eastern_parrot,2022-12-18 18:35:14+00:00,4,Twitter for Android,"@433 Just know it that Ronaldo's fans are not happy. How would they continue the GOAT debate? Even you as a Messi fan, interchange Portugal with Argentina and imagine the feeling. #GOATdebate"
163,8pack2themax,2022-12-18 18:14:14+00:00,0,Twitter Web App,I love @Cristiano elite player - but #Messi has settled the #GOATDebate #GOAT
164,munyashm,2022-12-18 18:12:27+00:00,0,Twitter for Android,"As a Cristiano fan...

Messi winning The World Cup complicates things

#GoatDebate

ğŸ¤·ğŸ¾â€â™‚ï¸"
165,JojoKemz,2022-12-18 18:12:24+00:00,1,Twitter for Android,#goatdebateğŸ Z doneğŸ˜‹
166,skillschampion2,2022-12-18 18:08:13+00:00,0,Twitter for Android,"Anyone checked on the fake Ronaldo? See if he's ok?!?

#goatdebate"
167,rnjeetpatra,2022-12-18 18:07:08+00:00,0,Twitter for Android,"Here is the end of the #Goatdebate!
The real #GOAT is #Messiğ“ƒµ .

#ARGvFRA 
#Argentina 
#FIFAWorldCup https://t.co/7tDqBIKszM"
168,EliKpodo,2022-12-18 18:02:42+00:00,0,Twitter for iPhone,"The #GOATdebate is over! What a final itâ€™s been. #Mbappeğ“ƒµ showed class but #Messiğ“ƒµ was just destined to crown his final moment in football history. 

#Messiğ“ƒµ magic! 
# https://t.co/eXznuOJgV7"
169,GameFlame__,2022-12-18 18:01:03+00:00,0,Twitter for Android,"Well done Argentina, wish I had written down my prediction but I only said it unfortunately to my family. #FIFAWorldCupâ€¯â€¯â€¯ #ARGFRA #WorldCup #WorldCupFinal #goatdebate"
170,IshamMarikar,2022-12-18 17:44:53+00:00,3,Twitter for iPhone,Can we get @KMbappe into the #GOATDebate #ThankYouQatar #ThanksQatar #WorldCup #FIFAWorldCup2022
171,AyoShonaiya,2022-12-18 16:46:30+00:00,10,Twitter for iPhone,â€œIncoming Goatâ€ Mbappe scores 2 goals. Ronaldo fans all around the world go crazy!!! Itâ€™s not over till itâ€™s over. #GoatDebate
172,Mattstfc91,2022-12-18 15:57:43+00:00,0,Twitter for Android,45 mins away from having to admit I was wrong #goatdebate
173,manutd56753206,2022-12-18 12:22:06+00:00,0,Twitter for Android,"My heart is racing for this final manğŸ˜ŒğŸ¥´. God you know how much this final means to Leo, please give this WC trophy to him, AmenğŸ™ğŸ˜‡, Vamos Argentina #FIFAWorldCup #ArgentinaVsFrance #WorldCup #Messiğ“ƒµ #Messi #GOATğ“ƒµ #GOATDebate"
174,libertygucci,2022-12-17 11:29:34+00:00,0,Twitter for iPhone,"@ChampionsLeague I really wish the best for both  
If messi wins Iâ€™ll happy 
If mbappe wins Iâ€™ll be happy 
 If Neymar had a chance to win Iâ€™d be happy too
But Iâ€™m very happy that RONALDO didnâ€™t make it !

#GOAT #LOVESPEECH #GOATDEBATE"
175,EbukaDivine4,2022-12-16 06:20:16+00:00,1,Twitter for iPhone,"He has left a mark everywhere, something that no player in history is proud to say . ğŸ he is the greatest of all time . #Ronaldoğ“ƒµ #GOATğ“ƒµ #Ronaldofan #footballdebate #Goatdebate #Messiğ“ƒµ #messifans https://t.co/IAwJvlo0Dy"
176,Tom83491351,2022-12-15 11:54:44+00:00,0,Twitter for iPhone,"I think the goat ğŸ debate is finally over, Messi has to be the one 

No one else Iâ€™d wake up at 2am to watch knowing theyâ€™re going to do something special

If it wasnâ€™t Messi in the final on Sunday I wouldnâ€™t even be watching it 

#goat #messi #ronaldo #goatdebate #workdcup"
177,scghancock,2022-12-15 07:30:17+00:00,0,Twitter for Android,"@piersmorgan has a hard on for @Cristiano. The #goatdebate never did exist.#messi has done things never seen before. Ronald just scores a tap in and loses his shit when he doesn't get to play (cause he's shit). There is only one Ronaldo #R9 
Just stfu with your boner"
178,RajveerKabra,2022-12-15 05:10:57+00:00,0,Twitter for Android,"'an ALIEN'.
#CristianovsMessi
#GOATdebate 
@Cristiano 
@ESPNFC 
@piersmorgan 
#Ronaldoğ“ƒµ
#Messiğ“ƒµ"
179,HectorM23UAM,2022-12-14 18:20:47+00:00,0,Twitter Web App,"@JuniorFirpo03 El GOAT no existe, sÃ³lo el #GOATDebate donde muy pocos pueden entrar y Messi estarÃ¡ siempre, con o sin la Copa del Mundo. âœŒï¸"
180,JulianCarax84,2022-12-14 13:46:32+00:00,7,Twitter Web App,"A parlar per decenni, senza scomodare le epoche che non ho vissuto, il #GoatDebate calcistico si risolve cosÃ¬ per me:
'80: #Maradona
'90: #Ronaldo 
'00: #Zidane
'10: #Messi

Tra chi non ho visto, aggiungerei Di Stefano, PelÃ¨ e Cruyff."
181,JulianCarax84,2022-12-14 13:38:42+00:00,10,Twitter Web App,"Il #GoatDebate resta per me una gran sega mentale, anche nel calcio.
Detto questo, per qualitÃ , quantitÃ  e continuitÃ  in un lasso di tempo gigantesco, ha senso definire #Messi tale
Ammesso che Maradona sia ""oltre"" in questa classifica, in quanto icona iscindibile dalla sua epopea https://t.co/D89KicJjPM"
182,DalyDoran,2022-12-14 12:33:28+00:00,4,Twitter for iPhone,Another good shout probably the most underrated game reader â€¦. #goatdebate https://t.co/6Uf9VT4zpN
183,Mkuruzenzi,2022-12-14 08:58:53+00:00,19,Twitter for Android,"Messi is GOOD but Ronaldo is the BEST.

#GOATDebate"
184,BontasBoykie,2022-12-14 05:13:44+00:00,5,Twitter for iPhone,Maradona is still MY GOAT ğŸ with Pele a close second and Messi now all alone in 3rd spot ğŸ¤·ğŸ½â€â™‚ï¸ğŸ«¶ğŸ½âš½ï¸ #GoatDebate
185,jcamps101,2022-12-13 23:56:11+00:00,0,Twitter Web App,"I'm not sayin he's the goat ğŸ but I'm certainly not entertaining any ""CR7 is better than Messi"" talk EVER AGAIN!!..FROM ANYBODY!!! #goatdebate #WorldCup2022"
186,sipho_93,2022-12-13 21:47:27+00:00,0,Twitter for Android,"Why do we still have the #GoatDebate????...#ArgentinaVsCroatia 
#ARGCRO 
#Messiğ“ƒµ"
187,BradleyCarl250,2022-12-13 21:27:31+00:00,32,Twitter for Android,The #GOATDEBATE will be over soon.
188,LBremb11,2022-12-13 21:20:40+00:00,1,Twitter for Android,"Ãˆ assurdo sminuire anche solo uno dei 2.

#GOATdebate #Messi #CR7 #FIFAWorldCup #Qatar2022 #ARGCRO"
189,Officialtg88,2022-12-13 16:53:02+00:00,0,Twitter for iPhone,"Letâ€™s take away rings, thatâ€™s a team accomplishment . Body of work on the court, best BASKETBALL player? Defend your pick #nba #nbadebate #goatdebate"
190,AceNova_,2022-12-13 06:02:55+00:00,0,Twitter for iPhone,@pinche_nikki Who is the real goat Nikki ? #GoatDebate #JustAKidFromAkron
191,plurguy96,2022-12-12 00:36:06+00:00,2,Twitter for iPhone,All I gotta say is bill belichick never lost to a dude named â€œBrockâ€ #goatdebate
192,thehoopery,2022-12-05 20:45:32+00:00,1,Instagram,"He on that Zaza ğŸ’¨ or he speaking truth ? ğŸ‘€Letâ€™s talk ğŸ—£ï¸â¬‡ï¸ #thehoopery 
â€¢
â€¢

#nbahighlights #nbamemes #streetwear  #hoopers #hardwoodclassic #retronba #vintagenba #goatdebate https://t.co/QI8GdE9eVG"
193,Neroneinner,2022-12-03 21:45:33+00:00,0,Twitter for Android,"Argentina v Portugal finals will settle the debate,once and  for all...
#Goatdebate"
194,Sportswithseb,2022-12-01 22:38:16+00:00,1,Twitter for iPhone,"Who is your NBA GOAT ğŸ?
#sportswithseb #nba #goatdebate #mj #lebron #kobe https://t.co/rabmovGQRJ"
195,Tucci264,2022-12-01 09:35:42+00:00,2,Twitter for Android,"7 &gt; 10 ğŸ
#goatdebate"
196,moonbyelle,2022-11-28 14:11:26+00:00,1,Twitter for Android,depois do jogo de hoje vlahovic acaba de empatar com o nÃºmero de gols em copas do haaland e ja se aproxima do lewandowski! #goatdebate
197,NBAFANVN,2022-11-27 02:58:35+00:00,1,Twitter for iPhone,I donâ€™t want this to be as compelling as it soundsâ€¦ somebody pls persuade me otherwiseğŸ˜© #islbjthegoat #goatdebate https://t.co/hYlLstkQy2
198,stefandelkovic,2022-11-23 16:02:04+00:00,2,Twitter for iPhone,"Also here would need to add the percentages against each other + vs top 10 players. And how many GS appearances + how many disqualifications and not allowed to play to those. 

#atp #GOATdebate #GOAT #tennis #djokovic #nadal #roger"
199,GoHsT107,2022-11-22 16:58:15+00:00,2,Twitter for iPhone,"Messi don too collect for this app. May God spare our lives to see Thursday ğŸ˜‚ğŸ˜‚ğŸ˜‚ ğŸğŸ
#goatdebate"
200,highmusings718,2022-11-19 22:42:31+00:00,0,Twitter for iPhone,@KDTrey5 save LeBron. please. lol #GOATdebate #CloseTheGame
201,freakaleak1209,2022-11-19 02:12:34+00:00,1,Twitter Web App,Steph Curry is one ring away from being greater than Lebron James all time #NBA #GOATDebate
202,EndofExpertise,2022-11-18 02:58:23+00:00,0,Twitter for iPhone,"Aaron Rodgers canâ€™t be the GOAT, with only 1 super bowl, but damn it no one throws a better prettier ball in the history of the NFL #NFL #tnf #TNFonPrime #PackersNation #GOAT #goatdebate"
203,FotbollAll,2022-11-14 20:43:58+00:00,0,Twitter for iPhone,A final between Portugal and Argentina is what everybody is rooting for. A perfect ending of Messi and Ronaldos careers. #WorldCup2022 #GoatDebate
204,HumphreyOsquare,2022-11-14 10:29:00+00:00,0,Twitter for Android,"@ChampionsLeague For the Debate to end by next year......
I would be backing #LionelMessi 
#GoatDebate
#Messiğ“ƒµ 
#CR7"
205,TheCaseForkobe1,2022-11-13 23:50:04+00:00,0,Twitter for Android,"Let me help you #lebron fans that think Shaq carried #KobeBryant
Part 1
#lakers
#GOATğ“ƒµ
#goatdebate
#nba
https://t.co/JunOqZTjbF"
206,LoveNBAcom,2022-11-04 20:49:02+00:00,0,love.nba,"NBA stats are LIES  ğŸ€  Tr ...
 
https://t.co/8on9YfzZDF
 
#AtlanticDivision #BasketballDocumentary #CadeCunningham #DemarDeRozan #EasternConference #GOATDebate #JordanLeBron #KevinDurant #KOBEBRYANT #LebronJames #MICHAELJORDAN #NbaHistory #NBALies #NBAMyths #NewYorkKnicks https://t.co/wkyVRzPtFx"
207,01_jay2,2022-11-03 16:19:12+00:00,0,Twitter for iPhone,"@ESPNFC He should come to the EPL. If he is really the GREAT player they loud him to be; he should go to #Arsenal and win them the #Treble (#Ucl, #premierleague &amp; #leagueCup). It shouldnâ€™t be so hard for him since he is the so called GOAT in Football. #Messi #EPL #GOATDebate #ProveIt"
208,HumphreyOsquare,2022-10-31 22:02:06+00:00,0,Twitter for Android,"@utdreprot And the yardstick would be Ronaldo did it in several league and #Messiğ“ƒµ can't.
Statistics has shown that in all ramifications of the game Leo is a better player.
I wonder how someone who scores Tap-ins is better than a complete footballer
#GoatDebate
#Messiğ“ƒµ 
#CR7"
209,OverTheTopCG,2022-10-30 11:04:43+00:00,0,Twitter for Android,Hot @NBA take. If Jordan was on this @Lakers team right now instead of @KingJames they'd still have 0 wins. #nba #goatdebate
210,manugrk,2022-10-24 21:15:33+00:00,1,Twitter Web App,@Vision31128666 trash fun fact #goatdebate #erectthenshag #EthOUT #NFTGiveaways
211,SirPrimeth,2022-10-24 17:31:22+00:00,0,Twitter for iPhone,"WHY LEBRON IS NOT THE ğŸ PART 2 
#goatdebate #nba #lebronormj #controversy #Discussion #ktkounty https://t.co/t5fvKejRUZ"
212,SirPrimeth,2022-10-24 01:58:06+00:00,0,Twitter for iPhone,"WHY LEBRON IS NOT THE GOAT PART 1 
#ktkounty #goatdebate #discussion #NBA #lebronormj https://t.co/TVTifc3K4o"
213,ReggieMHarris7,2022-10-21 11:45:38+00:00,2,Twitter for iPhone,@TomBrady Is the ğŸ goat at QB.  But this is the Goat ğŸ of football players overall is @JerryRice ! @goatfuel is named appropriately for its founder!!! @49ers @NFL  #legend #niners #ninersfaithful #ninergang #ninernation #espn #goat #goatdebate #jerryrice #halloffame https://t.co/h1oURPmnjf
214,TheRealMemgio,2022-10-18 15:23:29+00:00,0,Twitter for Mac,"We do not know IF and WHEN we will see a ""G.O.A.T. debate"" that is at least comparable to what these two aliens have carried on for a whole generation.

Qatar 2022, LET'S ENJOY THEIR LAST DANCE.

#WC2022 #Messi #Ronaldo #Qatar #GOATdebate"
215,PlugTalkSports1,2022-10-18 13:55:43+00:00,1,Twitter for iPhone,"The Miami-Dade College Womenâ€™s basketball team kicks off their 2022 campaign tonight.

We had fun asking them whoâ€™s the goat ğŸ? LeBron or Jordan #LeBronJames #MichaelJordan #GoatDebate https://t.co/QsZDWLc2q2"
216,ReedsSpringHS,2022-10-12 22:16:49+00:00,7,Twitter Web App,"Comp I English students are blending narrative, expository, and argument into their essay writing. This group, in a court-like setting, settles the Michael Jordan Vs. Lebron debate to show off their new writing knowledge. #GoatDebate #WordyWednesday

https://t.co/i4F8PVNTxm"
217,freakaleak1209,2022-10-12 03:47:20+00:00,0,Twitter Web App,"Lebron is 19/104 from the field, 7/54 from 3 with 5 or less seconds left on the clock of a one score or tie game #NBA #GOATDebate"
218,Nicks592,2022-10-08 15:01:04+00:00,0,Twitter for iPhone,Is Mbappe and Haaland the new Ronaldo and Messi Debate ? #GOATdebate
219,LFC_Klopp_Salah,2022-10-06 18:48:26+00:00,173,Twitter for iPhone,"Football won this week
#GOATDebate https://t.co/BIe87EexJH"
220,stefanederoger,2022-10-05 17:02:28+00:00,1,Twitter Web App,"After Roger's retirement and this incredible journey watching almost every RF match and sharing the happiness, or sadness with you guys since '12, maybe my last tweet!
Seems like the famous #goatdebate between RF, RN, and ND doesn t make any more sense. 
But technicaly speaking,"
